Whiskey_ID,W_Name,W_Maker,Compound_id,W_Chemical,W_Chemical_Strength,W_Flavour,W_Contact_name,W_contact_url
65,Harvest Moon,Island Distillery,1,Propanol,10,Light and floral with hints of citrus and honey,Michael Johnson,http://example.com
64,Harvest Moon,Island Distillery,1,Propanol,10,Light and floral with hints of citrus and honey,Michael Johnson,http://example.com
63,Winter Solstice,Island Distillery,2,Propanol,7,Rich oak aroma with subtle hints of vanilla and honey sweetness,Jane Smith,http://example.com
62,Winter Solstice,Island Distillery,2,Propanol,7,Rich oak aroma with subtle hints of vanilla and honey sweetness,Jane Smith,http://example.com
61,Cask Strength,Speyside Distillery,2,Acetic acid,1,Bold and smoky with notes of peat and sea salt,Michael Johnson,http://example.com
60,Cask Strength,Speyside Distillery,2,Acetic acid,1,Bold and smoky with notes of peat and sea salt,Michael Johnson,http://example.com
59,Heather Hill,Highland Distillery,1,Acetaldehyde,9,Smooth with a touch of caramel and spice,Emily Brown,http://example.com
58,Heather Hill,Highland Distillery,1,Acetaldehyde,9,Smooth with a touch of caramel and spice,Emily Brown,http://example.com
57,Golden Sun,Island Distillery,2,Acetaldehyde,3,Bold and smoky with notes of peat and sea salt,Jane Smith,http://example.com
56,Golden Sun,Island Distillery,2,Acetaldehyde,3,Bold and smoky with notes of peat and sea salt,Jane Smith,http://example.com
55,Oak Grove,Lowland Distillery,2,Acetaldehyde,3,"Complex with layers of fruit, spice, and oak",John Doe,http://example.com
54,Oak Grove,Lowland Distillery,2,Acetaldehyde,3,"Complex with layers of fruit, spice, and oak",John Doe,http://example.com
53,Misty Moor,Campbeltown Distillery,1,Methanoic acid,1,Smooth with a touch of caramel and spice,John Doe,http://example.com
52,Misty Moor,Campbeltown Distillery,1,Methanoic acid,1,Smooth with a touch of caramel and spice,John Doe,http://example.com
51,Whisky River,Highland Distillery,2,Propionic acid,7,"Complex with layers of fruit, spice, and oak",Michael Johnson,http://example.com
50,Whisky River,Highland Distillery,2,Propionic acid,7,"Complex with layers of fruit, spice, and oak",Michael Johnson,http://example.com
49,Malt Master,Speyside Distillery,2,Acetic acid,8,Smooth with a touch of caramel and spice,Michael Johnson,http://example.com
48,Malt Master,Speyside Distillery,2,Acetic acid,8,Smooth with a touch of caramel and spice,Michael Johnson,http://example.com
47,Amber Glow,Island Distillery,1,Butanol,5,Bold and smoky with notes of peat and sea salt,Michael Johnson,http://example.com
46,Amber Glow,Island Distillery,1,Butanol,5,Bold and smoky with notes of peat and sea salt,Michael Johnson,http://example.com
45,Skye Breeze,Lowland Distillery,2,Propanol,10,Rich oak aroma with subtle hints of vanilla and honey sweetness,Jane Smith,http://example.com
44,Skye Breeze,Lowland Distillery,2,Propanol,10,Rich oak aroma with subtle hints of vanilla and honey sweetness,Jane Smith,http://example.com
43,River Run,Highland Distillery,2,Methanol,10,Light and floral with hints of citrus and honey,John Doe,http://example.com
42,River Run,Highland Distillery,2,Methanol,10,Light and floral with hints of citrus and honey,John Doe,http://example.com
41,Lochside Legacy,Campbeltown Distillery,2,Acetic acid,10,Light and floral with hints of citrus and honey,David Wilson,http://example.com
40,Lochside Legacy,Campbeltown Distillery,2,Acetic acid,10,Light and floral with hints of citrus and honey,David Wilson,http://example.com
39,Celtic Gold,Highland Distillery,2,Ethanol,1,Rich oak aroma with subtle hints of vanilla and honey sweetness,John Doe,http://example.com
38,Celtic Gold,Highland Distillery,2,Ethanol,1,Rich oak aroma with subtle hints of vanilla and honey sweetness,John Doe,http://example.com
37,Glen Arbor,Speyside Distillery,1,Propanol,6,Smooth with a touch of caramel and spice,Emily Brown,http://example.com
36,Glen Arbor,Speyside Distillery,1,Propanol,6,Smooth with a touch of caramel and spice,Emily Brown,http://example.com
35,Peat Smoke,Island Distillery,2,Butanol,4,Light and floral with hints of citrus and honey,David Wilson,http://example.com
34,Peat Smoke,Island Distillery,2,Butanol,4,Light and floral with hints of citrus and honey,David Wilson,http://example.com
33,Speyside Spirit,Island Distillery,2,Methanol,1,Light and floral with hints of citrus and honey,Emily Brown,http://example.com
32,Speyside Spirit,Island Distillery,2,Methanol,1,Light and floral with hints of citrus and honey,Emily Brown,http://example.com
31,Island Mist,Island Distillery,1,Ethanol,9,Light and floral with hints of citrus and honey,David Wilson,http://example.com
30,Island Mist,Island Distillery,1,Ethanol,9,Light and floral with hints of citrus and honey,David Wilson,http://example.com
29,Highland Reserve,Speyside Distillery,1,Propionic acid,1,Smooth with a touch of caramel and spice,Michael Johnson,http://example.com
28,Highland Reserve,Speyside Distillery,1,Propionic acid,1,Smooth with a touch of caramel and spice,Michael Johnson,http://example.com
27,Golden Oak,Lowland Distillery,1,Ethanoic acid,4,"Complex with layers of fruit, spice, and oak",Emily Brown,http://example.com
26,Golden Oak,Lowland Distillery,1,Ethanoic acid,4,"Complex with layers of fruit, spice, and oak",Emily Brown,http://example.com
25,Royal Elixir,GlenDronach Distillery,1,Benzyl alcohol,5,"Complex with layers of fruit, spice, and oak",Jennifer Martinez,http://example.com
24,Silk Reserve,Glengoyne Distillery,1,Benzyl alcohol,5,Light and floral with hints of citrus and honey,John Doe,http://example.com
23,Velvet Elixir,Glenmorangie Distillery,1,Benzyl alcohol,5,Sweet with notes of chocolate and coffee,Amanda Garcia,http://example.com
22,Golden Symphony,Speyside Distillery,1,Benzyl alcohol,5,Floral with aromas of rose and lavender,Jane Smith,http://example.com
21,Elegant Reserve,Macallan Distillery,1,Benzyl alcohol,5,Light and floral with hints of citrus and honey,Daniel Hall,http://example.com
20,Oakwood Symphony,Glenlivet Distillery,1,Benzyl alcohol,5,"Citrusy with hints of lemon, lime, and orange zest",Lisa Lewis,http://example.com
19,Smooth Elegance,Bunnahabhain Distillery,1,Benzyl alcohol,5,Malty with a biscuity character,Amanda Garcia,http://example.com
18,Honeyed Oak,Glenmorangie Distillery,1,Benzyl alcohol,5,"Citrusy with hints of lemon, lime, and orange zest",Michelle King,http://example.com
17,Whiskey Charm,GlenDronach Distillery,1,Benzyl alcohol,5,Creamy with flavors of toffee and dried fruit,James Walker,http://example.com
16,Amber Mist,Island Distillery,1,Benzyl alcohol,5,"Fruity with hints of apple, pear, and citrus",Emily Brown,http://example.com
15,Royal Oak,Glenlivet Distillery,1,Benzyl alcohol,5,"Citrusy with hints of lemon, lime, and orange zest",Michael Johnson,http://example.com
14,Golden Elixir,Glenmorangie Distillery,1,Benzyl alcohol,5,Woody with a rich oakiness and cedar notes,William White,http://example.com
13,Vintage Spirit,Oban Distillery,1,Benzyl alcohol,5,Spicy-sweet with flavors of cinnamon and honey,Robert Thompson,http://example.com
12,Royal Blend,Springbank Distillery,1,Benzyl alcohol,5,Spicy with a hint of cinnamon and ginger,Michael Johnson,http://example.com
11,Mystic Oak,Glenfiddich Distillery,1,Benzyl alcohol,5,Smooth with a touch of caramel and spice,Kimberly Young,http://example.com
10,Silk Whiskey,Highland Distillery,1,Benzyl alcohol,5,Spicy with a hint of cinnamon and ginger,Kimberly Young,http://example.com
9,Oak Reserve,Highland Distillery,1,Benzyl alcohol,5,Bold and smoky with notes of peat and sea salt,Michelle King,http://example.com
8,Velvet Honey,BenRiach Distillery,1,Benzyl alcohol,5,Creamy with flavors of toffee and dried fruit,Amanda Garcia,http://example.com
7,Smooth Amber,BenRiach Distillery,1,Benzyl alcohol,5,"Citrusy with hints of lemon, lime, and orange zest",Michael Johnson,http://example.com
6,Golden Oak,Aberlour Distillery,1,Benzyl alcohol,5,Bold and smoky with notes of peat and sea salt,Matthew Rodriguez,http://example.com
5,Golden Oak,Highland Distillery,1,Benzyl alcohol,5,Rich oak aroma with subtle hints of vanilla and honey sweetness,John Doe,http://example.com
4,Amber Harvest,Old Field Distillery,1,Acetaldehyde,3,"Warm caramel and spice, with an undertone of dried fruits",Sarah Jennings,http://amberharvest.com
3,Peated Peak,Mountain Spirits,1,Phenol,10,"Smoky with a robust peat character, balanced by a touch of citrus",Liam O'Connor,http://peatedpeak.com
2,Silver Stream,Riverbank Distilleries,2,Ethyl Hexanoate,2,Light and fruity with hints of apple and pear,Emily Stone,http://silverstreamwhiskey.com
1,golden oak,Highland Winery,1,Benzyl alcohol,2,Rich oak aroma with subtle sweetness of vanilla and honey,John Doerr,http://test.com
